IP,Date,Time,Accepted cookies,Device type,Browser language,Browser name,OS Name
49.36.83.154,2023-06-26,07:02:48 UTC,["necessary"],desktop,en,Chrome,Linux,India,GJ,Gujarat,Surat,395007,21.1888,72.8293
49.36.83.154,2023-07-04,11:10:34 UTC,["necessary"],desktop,en,Chrome,Linux,India,GJ,Gujarat,Surat,395007,21.1888,72.8293
49.36.83.154,2023-07-18,16:54:41 UTC,["necessary"],desktop,en,Chrome,Linux,India,GJ,Gujarat,Vadodara,391101,22.3008,73.2043
49.36.83.154,2023-07-19,08:13:31 UTC,["necessary"],desktop,en,Chrome,Linux,India,GJ,Gujarat,Vadodara,391101,22.3008,73.2043
49.36.83.154,2023-07-21,05:03:05 UTC,["necessary"],desktop,en,Chrome,Linux,India,GJ,Gujarat,Vadodara,391101,22.3008,73.2043
49.36.83.154,2023-07-27,02:59:04 UTC,["necessary"],desktop,en,Chrome,Linux,India,GJ,Gujarat,Vadodara,390002,22.3008,73.2043
49.36.83.154,2023-08-02,09:09:05 UTC,["necessary"],desktop,en,Chrome,Linux,India,GJ,Gujarat,Surat,395007,21.1888,72.8293
49.36.83.154,2023-08-12,04:04:20 UTC,["necessary"],desktop,en,Chrome,Linux,India,GJ,Gujarat,Surat,395007,21.1888,72.8293
49.36.83.154,2023-08-14,12:00:53 UTC,["necessary"],desktop,en,Chrome,Linux,India,GJ,Gujarat,Surat,395007,21.1888,72.8293
49.36.83.154,2023-08-16,11:38:41 UTC,["necessary"],desktop,en,Chrome,Linux,India,GJ,Gujarat,Surat,395007,21.1888,72.8293
49.36.83.154,2023-10-11,11:36:50 UTC,["necessary"],desktop,id,Chrome,Windows,India,GJ,Gujarat,Surat,395007,21.1888,72.8293
49.36.83.154,2023-10-11,12:14:18 UTC,["necessary"],desktop,id,Chrome,Windows,India,GJ,Gujarat,Surat,395007,21.1888,72.8293
49.36.83.154,2023-10-11,12:30:04 UTC,["necessary"],desktop,id,Chrome,Windows,India,GJ,Gujarat,Surat,395007,21.1888,72.8293
49.36.83.154,2023-10-17,12:29:41 UTC,["necessary"],desktop,id,Chrome,Windows,India,GJ,Gujarat,Surat,395007,21.1888,72.8293
49.36.83.154,2023-10-24,05:34:44 UTC,["necessary"],desktop,id,Chrome,Windows,India,GJ,Gujarat,Surat,395007,21.1888,72.8293
49.36.83.154,2023-11-01,06:37:57 UTC,["necessary"],desktop,id,Chrome,Windows,India,GJ,Gujarat,Surat,395007,21.1888,72.8293
49.36.83.154,2023-11-15,03:38:22 UTC,["necessary"],desktop,id,Chrome,Windows,India,GJ,Gujarat,Surat,395007,21.1888,72.8293
49.36.83.154,2023-11-18,11:47:24 UTC,["necessary"],desktop,id,Chrome,Windows,India,GJ,Gujarat,Surat,395007,21.1888,72.8293
49.36.83.154,2023-11-20,06:16:23 UTC,["necessary"],desktop,id,Chrome,Windows,India,GJ,Gujarat,Surat,395007,21.1888,72.8293
49.36.83.154,2023-12-04,13:39:01 UTC,["necessary"],desktop,id,Chrome,Windows,India,GJ,Gujarat,Surat,394101,21.1888,72.8293
49.36.83.154,2023-12-15,10:55:20 UTC,["necessary"],desktop,id,Chrome,Windows,India,GJ,Gujarat,Surat,394101,21.1888,72.8293
